{"bot_versions":[{"skills":[{"id":"806c4870-2e45-4795-9962-7cf25de6f3b2","requirement":null,"out_condition":{"actions":[],"position":0,"id":"633d1be1-a31f-450d-a260-d79aaec75db3","type":"all","children":[{"actions":[{"id":"15bfb757-f37d-4db4-b206-a2b32354ca2b","type":"message","value":null,"message":[{"id":"ae41d023-cb85-4d4f-a201-10e4cceb3d16","language":"en","value":"{\"type\":\"text\",\"content\":\"I trigger the fallback skill because I don't understand or I don't know what I'm supposed to do...\"}","directSkillTriggers":[""]}],"position":0}],"position":0,"id":"d89a2f23-e578-4b56-b5c3-505fe95b832f","type":"and","children":[],"operands":[],"operator":null}],"operands":[],"operator":null}},{"id":"177422f3-4d53-4e87-96a0-c11d76dfb2cb","requirement":null,"out_condition":{"actions":[],"position":0,"id":"606bf853-2616-4f1e-b910-3c82ddc08434","type":"all","children":[{"actions":[{"id":"f09c07b3-ea0c-41cf-83a9-95974bf80821","type":"message","value":null,"message":[{"id":"0310f14f-049f-47b8-bf52-adf7fe99ce21","language":"en","value":"{\"type\":\"script\",\"content\":\"{\\n    \\\"type\\\": \\\"buttons\\\",\\n    \\\"content\\\": {\\n        \\\"title\\\": \\\"Multiple options are available. Please pick up the one you want.\\\",\\n        \\\"buttons\\\": [\\n            {{#eachJoin disambiguation.options}}\\n            {\\n                \\\"title\\\": \\\"{{label}}\\\",\\n                \\\"value\\\": \\\"{{trigger_id}}\\\",\\n                \\\"type\\\": \\\"trigger_skill\\\" \\n            }\\n            {{/eachJoin}}\\n        ]\\n    }\\n}\",\"delay\":null}","directSkillTriggers":[""]}],"position":0}],"position":0,"id":"9e066c77-0445-4492-a926-7acf6cf2d5a6","type":"and","children":[],"operands":[],"operator":null}],"operands":[],"operator":null}},{"id":"179d0edd-2dc9-469d-9994-f38532b719c0","requirement":null,"out_condition":{"actions":[],"position":0,"id":"e9c0f65a-7c7d-41a4-bb8b-aa0336e59c4d","type":"all","children":[{"actions":[{"id":"6d61966f-22b2-4aa5-a130-fe19094425e0","type":"message","value":null,"message":[{"id":"5a87b1c7-c799-427c-9c5e-b56703ce2880","language":"en","value":"{\"type\":\"text\",\"content\":\"Hi there!\"}","directSkillTriggers":[""]},{"id":"63e4e27d-6e11-4fb5-8956-a360e9d1824d","language":"en","value":"{\"type\":\"text\",\"content\":\"Hi, nice to meet you :)\"}","directSkillTriggers":[""]},{"id":"85a23aa9-675a-4bb6-ada0-c953030bcbab","language":"en","value":"{\"type\":\"text\",\"content\":\"Hello :)\"}","directSkillTriggers":[""]}],"position":0}],"position":0,"id":"6fd79953-4716-45df-a2a7-e9fc349795b4","type":"and","children":[{"actions":[],"position":0,"id":"30682301-325b-4779-b4f7-d83959c0ce96","type":"and","children":[{"actions":[],"position":0,"id":"778781b5-4d75-4c04-959a-ed039cd6093e","type":"data","children":[],"operands":[{"id":"1307770e-498e-4dbd-904a-6ce11b70cfda","language":null,"type":"interpreted","value":"@greetings","left":true,"isLeft":true},{"id":"7323ef17-61ce-41a4-b86b-25d2e85b007e","language":"en","type":"string","value":"","left":false,"isLeft":false}],"operator":{"id":"dbb2b46b-ee2f-4d69-9f1a-d92eed53786a","name":"is-present"}}],"operands":[],"operator":null}],"operands":[],"operator":null},{"actions":[{"id":"1c5f531d-31b9-4804-886c-028d3a55529c","type":"message","value":null,"message":[{"id":"751e50ea-546a-431c-8a48-946a63ce5200","language":"en","value":"{\"type\":\"text\",\"content\":\"Goodbye ;)\"}","directSkillTriggers":[""]},{"id":"05d2f2e2-f39f-4ff2-acf9-558a42aa62a6","language":"en","value":"{\"type\":\"text\",\"content\":\"See you!\"}","directSkillTriggers":[""]},{"id":"e94e633f-fb2b-415e-b18f-ee2f6382c99c","language":"en","value":"{\"type\":\"text\",\"content\":\"Bye\"}","directSkillTriggers":[""]}],"position":0}],"position":1,"id":"3d8fc85d-946b-4904-99bb-1b3a53c575ba","type":"and","children":[{"actions":[],"position":0,"id":"372cc587-9630-4203-a275-ce008ee7e9c3","type":"and","children":[{"actions":[],"position":0,"id":"6c17e308-7f65-46f4-b524-e90f656e0d18","type":"data","children":[],"operands":[{"id":"e36f7fbc-438f-4c45-b560-715fff83433d","language":null,"type":"interpreted","value":"@goodbye","left":true,"isLeft":true},{"id":"ab370293-ace8-4dcd-add4-3744725a27d2","language":"en","type":"string","value":"","left":false,"isLeft":false}],"operator":{"id":"dbb2b46b-ee2f-4d69-9f1a-d92eed53786a","name":"is-present"}}],"operands":[],"operator":null}],"operands":[],"operator":null}],"operands":[],"operator":null}},{"id":"d30bd820-d6af-41ba-a14e-f801e0edd729","requirement":{"position":0,"id":"0b22b987-8280-4355-95d3-1c841a17abc1","type":"and","data":null,"children":[{"position":0,"id":"5757d4bb-4440-42ed-a722-649a7661d242","type":"and","data":null,"children":[{"position":0,"id":"2ebd2d05-907c-478c-b15c-a3e9b9ac1986","type":"data","data":{"id":"82bb4aa6-96d3-4c3e-ba5e-b7f19fa0453c","name":"custid","field":"CUSTID","type":"entity"},"children":[],"on_empty_condition":{"actions":[{"id":"32f0d9c7-75bb-4af6-bb1c-b4d17ef87d7f","type":"message","value":null,"message":[{"id":"59850125-4f42-46e4-a5ec-0f4eb4a32e55","language":"en","value":"{\"type\":\"text\",\"content\":\"Share customer ID\",\"markdown\":false,\"delay\":null}","directSkillTriggers":[""]}],"position":0}],"position":0,"id":"f051171a-78d1-4689-8bb5-68cfdad5c19b","type":"and","children":[],"operands":[],"operator":null},"on_success_condition":null,"on_validation_condition":null}],"on_empty_condition":null,"on_success_condition":null,"on_validation_condition":null}],"on_empty_condition":null,"on_success_condition":null,"on_validation_condition":null},"out_condition":{"actions":[],"position":0,"id":"83174e7b-5868-441c-856b-43b50117f3dd","type":"all","children":[{"actions":[{"id":"a577ac0e-74bd-47fb-896c-cc73db6f501f","type":"http","value":null,"message":[],"position":0},{"id":"09090ac6-e126-48da-b7fa-ac8883bf7e4e","type":"message","value":null,"message":[{"id":"33f9201e-124c-4aba-8c3c-42e6cfc43594","language":"en","value":"{\"type\":\"text\",\"content\":\"{{api_service_response.values.body.CompanyName}}\",\"markdown\":false,\"delay\":null}","directSkillTriggers":[""]}],"position":1},{"id":"5bfd7d14-00c6-4723-b505-3c5494c3ac16","type":"reset_conversation","value":"true","message":[],"position":2}],"position":0,"id":"270e1549-42bc-4176-974f-868624469180","type":"and","children":[{"actions":[],"position":0,"id":"16149f16-054e-4928-8299-f3442042727d","type":"and","children":[{"actions":[],"position":0,"id":"98087c13-9e7a-42e0-98ff-61a96359d4ca","type":"data","children":[],"operands":[{"id":"3c0b4a71-71dd-4e97-acde-b9eb19a8467b","language":"","type":"interpreted","value":"#custid","left":true,"isLeft":true}],"operator":{"id":"dbb2b46b-ee2f-4d69-9f1a-d92eed53786a","name":"is-present"}}],"operands":[],"operator":null}],"operands":[],"operator":null}],"operands":[],"operator":null}},{"id":"1beb524a-aa34-45af-ba3b-47da79bac135","requirement":null,"out_condition":{"actions":[],"position":0,"id":"bdb17e0e-29ec-4f9c-a1d9-fea5d88f28ed","type":"all","children":[{"actions":[{"id":"1a61e2da-9dcf-46c7-bdbd-51c0ca9dd135","type":"http","value":null,"message":[],"position":0},{"id":"f7520493-babd-42e4-9f69-548e5b46f695","type":"message","value":null,"message":[{"id":"d8aff7bc-6607-4747-84df-d8538f96b7b4","language":"en","value":"{\"type\":\"list\",\"content\":{\"elements\":[{\"title\":\"{{api_service_response.category.body.value[0].CategoryName}}\",\"imageUrl\":\"\",\"subtitle\":\"\",\"buttons\":[{\"value\":\"c52d8c43-3500-4d12-b071-67a183ca310c\",\"title\":\"Products of {{api_service_response.category.body.value[0].CategoryName}}\",\"type\":\"trigger_skill\"}],\"description\":\"{{api_service_response.category.body.value[0].Description}}\"},{\"title\":\"{{api_service_response.category.body.value[1].CategoryName}}\",\"imageUrl\":\"\",\"subtitle\":\"\",\"buttons\":[{\"value\":\"c52d8c43-3500-4d12-b071-67a183ca310c\",\"title\":\"Products of {{api_service_response.category.body.value[1].CategoryName}}\",\"type\":\"trigger_skill\"}],\"description\":\"{{api_service_response.category.body.value[1].Description}}\"},{\"title\":\"{{api_service_response.category.body.value[2].CategoryName}}\",\"imageUrl\":\"\",\"subtitle\":\"\",\"buttons\":[{\"value\":\"c52d8c43-3500-4d12-b071-67a183ca310c\",\"title\":\"Products of {{api_service_response.category.body.value[2].CategoryName}}\",\"type\":\"trigger_skill\"}],\"description\":\"{{api_service_response.category.body.value[2].Description}}\"},{\"title\":\"{{api_service_response.category.body.value[3].CategoryName}}\",\"imageUrl\":\"\",\"subtitle\":\"\",\"buttons\":[{\"value\":\"c52d8c43-3500-4d12-b071-67a183ca310c\",\"title\":\"Products of {{api_service_response.category.body.value[3].CategoryName}}\",\"type\":\"trigger_skill\"}],\"description\":\"{{api_service_response.category.body.value[3].Description}}\"},{\"title\":\"{{api_service_response.category.body.value[4].CategoryName}}\",\"imageUrl\":\"\",\"subtitle\":\"\",\"buttons\":[{\"value\":\"c52d8c43-3500-4d12-b071-67a183ca310c\",\"title\":\"Products of {{api_service_response.category.body.value[4].CategoryName}}\",\"type\":\"trigger_skill\"}],\"description\":\"{{api_service_response.category.body.value[4].Description}}\"},{\"title\":\"{{api_service_response.category.body.value[5].CategoryName}}\",\"imageUrl\":\"\",\"subtitle\":\"\",\"buttons\":[{\"value\":\"c52d8c43-3500-4d12-b071-67a183ca310c\",\"title\":\"Products of {{api_service_response.category.body.value[5].CategoryName}}\",\"type\":\"trigger_skill\"}],\"description\":\"{{api_service_response.category.body.value[5].Description}}\"},{\"title\":\"{{api_service_response.category.body.value[6].CategoryName}}\",\"imageUrl\":\"\",\"subtitle\":\"\",\"buttons\":[{\"value\":\"c52d8c43-3500-4d12-b071-67a183ca310c\",\"title\":\"Products of {{api_service_response.category.body.value[6].CategoryName}}\",\"type\":\"trigger_skill\"}],\"description\":\"{{api_service_response.category.body.value[6].Description}}\"},{\"title\":\"{{api_service_response.category.body.value[7].CategoryName}}\",\"imageUrl\":\"\",\"subtitle\":\"{{api_service_response.category.body.value[6].Description}}\",\"buttons\":[{\"value\":\"c52d8c43-3500-4d12-b071-67a183ca310c\",\"title\":\"Products of {{api_service_response.category.body.value[7].CategoryName}}\",\"type\":\"trigger_skill\"}],\"description\":\"\"}],\"buttons\":[],\"title\":\"Category\",\"subtitle\":\"\",\"imageUrl\":\"\"},\"delay\":null}","directSkillTriggers":["c52d8c43-3500-4d12-b071-67a183ca310c","c52d8c43-3500-4d12-b071-67a183ca310c","c52d8c43-3500-4d12-b071-67a183ca310c","c52d8c43-3500-4d12-b071-67a183ca310c","c52d8c43-3500-4d12-b071-67a183ca310c","c52d8c43-3500-4d12-b071-67a183ca310c","c52d8c43-3500-4d12-b071-67a183ca310c","c52d8c43-3500-4d12-b071-67a183ca310c"]}],"position":1}],"position":0,"id":"ce7660a0-a428-4585-84c0-0b16564669f9","type":"and","children":[],"operands":[],"operator":null}],"operands":[],"operator":null}},{"id":"a3433248-1d0f-4e21-b1fd-9cf639a58d28","requirement":{"position":0,"id":"bdbdca39-454b-4472-bef0-73ba8c3c3fc2","type":"and","data":null,"children":[{"position":0,"id":"8a7dcf7e-6ad9-42b5-bc03-aa739dbf72ee","type":"and","data":null,"children":[{"position":0,"id":"ea0a4474-c6ff-4b28-a421-908c31598101","type":"data","data":{"id":"d07068bb-6872-44f7-9ada-06e6f41d0def","name":"councode","field":"CONCODE","type":"entity"},"children":[],"on_empty_condition":{"actions":[{"id":"d6bff62c-79d7-4342-8d2c-c10238931948","type":"message","value":null,"message":[{"id":"44ef7f8c-aa46-4e05-8993-1684c3398d58","language":"en","value":"{\"type\":\"text\",\"content\":\"Enter country code\",\"markdown\":false,\"delay\":null}","directSkillTriggers":[""]}],"position":0},{"id":"d7798932-4fb0-4958-b91f-493fb29119a9","type":"message","value":null,"message":[{"id":"d4e16098-48e6-4d9c-bd3d-6d495e5aaccd","language":"de","value":"{\"type\":\"text\",\"content\":\"Ländervorwahl eingeben\",\"markdown\":false,\"delay\":null}","directSkillTriggers":[""]}],"position":1}],"position":0,"id":"c742695b-4673-4d92-a8c5-58cada808c6f","type":"and","children":[],"operands":[],"operator":null},"on_success_condition":null,"on_validation_condition":null}],"on_empty_condition":null,"on_success_condition":null,"on_validation_condition":null}],"on_empty_condition":null,"on_success_condition":null,"on_validation_condition":null},"out_condition":{"actions":[],"position":0,"id":"f06c2235-8d9f-4190-af81-0e516eba99bd","type":"all","children":[{"actions":[{"id":"c4a8c1c5-85eb-48d1-a343-b72afcc8be89","type":"http","value":null,"message":[],"position":0},{"id":"c4a310b0-aaac-47b6-b3d2-b6fca6cad356","type":"message","value":null,"message":[{"id":"9cc8556f-8003-4de2-9888-b73cbdfa65d7","language":"en","value":"{\"type\":\"card\",\"content\":{\"title\":\"{{api_service_response.countrydetails.body[0].name.common}}\",\"subtitle\":\"{{api_service_response.countrydetails.body[0].name.nativeName.eng.official}}\",\"description\":\"\",\"imageUrl\":\"{{api_service_response.countrydetails.body[0].flags[0]}}\",\"buttons\":[],\"sections\":[]},\"delay\":null}","directSkillTriggers":[""]}],"position":1},{"id":"0ec5522c-070c-4da6-af4b-fc128fa14add","type":"message","value":null,"message":[{"id":"0179d357-4ebe-4a83-bf3a-c043872bc566","language":"en","value":"{\"type\":\"list\",\"content\":{\"elements\":[{\"title\":\"Capital : {{api_service_response.countrydetails.body[0].capital.0}}\",\"imageUrl\":\"\",\"subtitle\":\"\",\"buttons\":[],\"description\":\"\"},{\"title\":\"Region :{{api_service_response.countrydetails.body[0].region}}\",\"imageUrl\":\"\",\"subtitle\":\"\",\"buttons\":[],\"description\":\"\"}],\"buttons\":[]},\"delay\":null}","directSkillTriggers":[""]}],"position":2},{"id":"6142262e-f3f2-4f03-b196-51402f2e706b","type":"message","value":null,"message":[{"id":"bd2342c6-093f-4842-8ec0-f62eec4ac920","language":"de","value":"{\"type\":\"card\",\"content\":{\"title\":\"{{api_service_response.countrydetails.body[0].name.common}}\",\"subtitle\":\"{{api_service_response.countrydetails.body[0].name.nativeName.eng.official}}\",\"description\":\"\",\"imageUrl\":\"{{api_service_response.countrydetails.body[0].flags[0]}}\",\"buttons\":[],\"sections\":[]},\"delay\":null}","directSkillTriggers":[""]}],"position":3},{"id":"19833001-0065-4ffd-a554-89fc78cf1977","type":"reset_conversation","value":"true","message":[],"position":4}],"position":0,"id":"243745a5-3381-4b1d-8a56-1ecc4ecd493e","type":"and","children":[{"actions":[],"position":0,"id":"1a8b8f77-4f64-4916-a0a7-a2952ffad98a","type":"and","children":[{"actions":[],"position":0,"id":"24397b84-78f8-4f50-83c8-a58895a8d334","type":"data","children":[],"operands":[{"id":"6d3783d1-cfd2-46ca-a849-1e6d812ef8fa","language":"","type":"memory","value":"CONCODE.raw","left":true,"isLeft":true}],"operator":{"id":"dbb2b46b-ee2f-4d69-9f1a-d92eed53786a","name":"is-present"}}],"operands":[],"operator":null}],"operands":[],"operator":null}],"operands":[],"operator":null}},{"id":"c52d8c43-3500-4d12-b071-67a183ca310c","requirement":{"position":0,"id":"3c618d30-f957-44cc-9c78-3085213ef13f","type":"and","data":null,"children":[{"position":0,"id":"b5beddd7-ab3a-4bcb-ab67-dba7964f6b58","type":"and","data":null,"children":[{"position":0,"id":"8b7cfff8-780b-48eb-8104-98a167e96131","type":"data","data":{"id":"001f9a3f-159e-4ecd-aa70-006e65b8be5c","name":"categs","field":"CATS","type":"entity"},"children":[],"on_empty_condition":{"actions":[{"id":"fc2c7706-55db-4f3c-b55a-c419e30564ed","type":"message","value":null,"message":[{"id":"f27b3a9b-2b04-4bd3-bcdd-7bb65b60c9c4","language":"en","value":"{\"type\":\"text\",\"content\":\"share category name\",\"markdown\":false,\"delay\":null}","directSkillTriggers":[""]}],"position":0}],"position":0,"id":"da0271e0-c6b5-4c19-8ead-b583f370f4f0","type":"and","children":[],"operands":[],"operator":null},"on_success_condition":null,"on_validation_condition":null}],"on_empty_condition":null,"on_success_condition":null,"on_validation_condition":null}],"on_empty_condition":null,"on_success_condition":null,"on_validation_condition":null},"out_condition":{"actions":[],"position":0,"id":"608a731a-f699-4cd5-8de1-4d28e63749f8","type":"all","children":[{"actions":[{"id":"e7adcea6-1054-4d1c-8122-b551cf818622","type":"http","value":null,"message":[],"position":0},{"id":"a6503ddc-2699-466f-89c5-49867d0824a2","type":"message","value":null,"message":[{"id":"c7ef2ee3-13af-43f2-b09d-4bcc374d0e81","language":"en","value":"{\"type\":\"text\",\"content\":\"total {{api_service_response.products.body.value.length}} product found. Displaying top 5 only\",\"markdown\":false,\"delay\":null}","directSkillTriggers":[""]}],"position":1},{"id":"32e6e4e2-ddc5-47d0-9006-8f36776864f1","type":"message","value":null,"message":[{"id":"3e7c9791-0069-496b-a8c7-14c5f3f41cc5","language":"en","value":"{\"type\":\"list\",\"content\":{\"elements\":[{\"title\":\"{{api_service_response.products.body.value[0].ProductName}} \",\"imageUrl\":\"\",\"subtitle\":\"\",\"buttons\":[],\"description\":\"\"},{\"title\":\"{{api_service_response.products.body.value[1].ProductName}} \",\"imageUrl\":\"\",\"subtitle\":\"\",\"buttons\":[],\"description\":\"\"},{\"title\":\"{{api_service_response.products.body.value[2].ProductName}} \",\"imageUrl\":\"\",\"subtitle\":\"\",\"buttons\":[],\"description\":\"\"},{\"title\":\"{{api_service_response.products.body.value[3].ProductName}} \",\"imageUrl\":\"\",\"subtitle\":\"\",\"buttons\":[],\"description\":\"\"},{\"title\":\"{{api_service_response.products.body.value[4].ProductName}} \",\"imageUrl\":\"\",\"subtitle\":\"\",\"buttons\":[],\"description\":\"\"}],\"buttons\":[]},\"delay\":null}","directSkillTriggers":[""]}],"position":2},{"id":"6686c1fc-8238-4820-b76a-deef0cbf5090","type":"reset_conversation","value":"true","message":[],"position":3}],"position":0,"id":"039a8c4f-305d-4c48-93fb-ba0cbb824576","type":"and","children":[{"actions":[],"position":0,"id":"cd3626d7-f107-4437-9688-10a74318f842","type":"and","children":[{"actions":[],"position":0,"id":"7bfa475c-2c71-40e6-aa23-ca35bb06a9f5","type":"data","children":[],"operands":[{"id":"96d6b2a7-48c1-47c4-b219-ae82f41ab29d","language":"","type":"memory","value":"CATS.raw","left":true,"isLeft":true}],"operator":{"id":"dbb2b46b-ee2f-4d69-9f1a-d92eed53786a","name":"is-present"}}],"operands":[],"operator":null}],"operands":[],"operator":null}],"operands":[],"operator":null}},{"id":"917a1bba-bed0-4a7c-b059-f738aeacda2c","requirement":{"position":0,"id":"839d2d89-ff5a-47e4-b644-39e9bb27aaf0","type":"and","data":null,"children":[{"position":0,"id":"edc8d1f6-96d8-45f0-9e36-ece76efb5cab","type":"and","data":null,"children":[{"position":0,"id":"163e922e-ceac-4343-a9ee-0cf12eb12851","type":"data","data":{"id":"f9f33244-8001-4956-9a85-b676e9f767c3","name":"sonumber","field":"SONUM","type":"entity"},"children":[],"on_empty_condition":{"actions":[{"id":"c5116301-de07-45c3-b7b0-d10fc8d77a3a","type":"message","value":null,"message":[{"id":"a64d3809-7c86-4e49-80d4-b9c5b10bd5a9","language":"en","value":"{\"type\":\"text\",\"content\":\"Share Sales Order Number\",\"markdown\":false,\"delay\":null}","directSkillTriggers":[""]}],"position":0}],"position":0,"id":"f43b77f4-bac8-43d5-8ad3-6ce52fcfabbb","type":"and","children":[],"operands":[],"operator":null},"on_success_condition":null,"on_validation_condition":null}],"on_empty_condition":null,"on_success_condition":null,"on_validation_condition":null}],"on_empty_condition":null,"on_success_condition":null,"on_validation_condition":null},"out_condition":{"actions":[],"position":0,"id":"ee6e5f16-ef4c-45ed-8fbc-efad18eedad8","type":"all","children":[{"actions":[{"id":"ab112070-3d5b-45d4-b3f9-086e3e330662","type":"http","value":null,"message":[],"position":0},{"id":"68586079-002c-4c25-bb65-24b836465294","type":"message","value":null,"message":[{"id":"38796635-80a5-439a-a61f-79a453a2e7a6","language":"en","value":"{\"type\":\"text\",\"content\":\"Sales Order {{memory.SONUM.raw}} Billing Status is \\\"{{api_service_response.sovalue.body.d.BillingStatus}}\\\" and Delivery Status is \\\"{{api_service_response.sovalue.body.d.DeliveryStatus}} \\\"\",\"markdown\":false,\"delay\":null}","directSkillTriggers":[""]}],"position":1},{"id":"384ddd90-ed3e-4dba-8e9f-839be2b851f0","type":"reset_conversation","value":"true","message":[],"position":2}],"position":0,"id":"d72dbd77-7060-460a-a35d-7f9cc94b8f89","type":"and","children":[{"actions":[],"position":0,"id":"646a712a-d126-414c-be8e-ae400b1eafb0","type":"and","children":[{"actions":[],"position":0,"id":"71dbd929-1a12-48ca-bf83-a4dcd78840f1","type":"data","children":[],"operands":[{"id":"57e541d8-d7a4-4a62-9b15-3d7ade7d2ce9","language":"","type":"memory","value":"SONUM.raw","left":true,"isLeft":true}],"operator":{"id":"dbb2b46b-ee2f-4d69-9f1a-d92eed53786a","name":"is-present"}}],"operands":[],"operator":null}],"operands":[],"operator":null}],"operands":[],"operator":null}},{"id":"c482829d-d939-4159-be77-36f7bb03ad89","requirement":{"position":0,"id":"d63bc9f7-92ac-4bcc-ab6b-53bf754d7d7f","type":"and","data":null,"children":[{"position":0,"id":"a888c24b-2e8f-4712-a77f-97aacb84648c","type":"and","data":null,"children":[{"position":0,"id":"1b597b1b-725f-4243-a3c8-9614ee03af6e","type":"data","data":{"id":"544a49b4-cab3-4be9-b64b-f3091c34048c","name":"sonumber","field":"SONUM","type":"entity"},"children":[],"on_empty_condition":{"actions":[{"id":"6c399dec-199f-44f3-995a-f49e96314dd8","type":"message","value":null,"message":[{"id":"d484d5fa-ee04-4795-94c2-4f7ac3381727","language":"en","value":"{\"type\":\"text\",\"content\":\"Share Sales Order Number\",\"markdown\":false,\"delay\":null}","directSkillTriggers":[""]}],"position":0}],"position":0,"id":"b7737c09-81f2-4ac6-aefd-103468a9cf1a","type":"and","children":[],"operands":[],"operator":null},"on_success_condition":null,"on_validation_condition":null}],"on_empty_condition":null,"on_success_condition":null,"on_validation_condition":null}],"on_empty_condition":null,"on_success_condition":null,"on_validation_condition":null},"out_condition":{"actions":[],"position":0,"id":"9036b3a2-f772-48e3-b9c5-13b359bc0428","type":"all","children":[{"actions":[{"id":"18b2043f-f76a-44eb-8e76-d03aba1ac2a7","type":"http","value":null,"message":[],"position":0},{"id":"61316abc-ee76-495b-836d-b6da55e24070","type":"message","value":null,"message":[{"id":"7c2cd90b-bfcd-45ed-8809-d8d3733b4178","language":"en","value":"{\"type\":\"script\",\"content\":\"{\\n  \\\"type\\\": \\\"list\\\",\\n  \\\"content\\\": {\\n    \\\"elements\\\": [\\n     {{#eachJoin api_service_response.soitems.body.d.results}}\\n      {\\n        \\\"title\\\": \\\"Meterial No. : {{ProductID}}\\\",\\n        \\\"description\\\": \\\"{{Note}}\\\"\\n      }{{/eachJoin}}\\n    ]\\n  }\\n}\",\"messageType\":\"MessageButtons\",\"isContentStateEdited\":true,\"delay\":null}","directSkillTriggers":[""]}],"position":1},{"id":"f1477abc-969e-45b7-bc55-2c67f3b1a98e","type":"reset_conversation","value":"true","message":[],"position":2}],"position":0,"id":"2090a210-5c37-46a4-9206-c31784bd8427","type":"and","children":[{"actions":[],"position":0,"id":"45d6dd8e-65f6-4ba7-b5ae-bb7fd0626b55","type":"and","children":[{"actions":[],"position":0,"id":"d5af2e69-dfbd-476e-8a3b-0a1b83c25c03","type":"data","children":[],"operands":[{"id":"fc362aad-c71f-4f93-94ff-7abf1475bc36","language":"","type":"memory","value":"SONUM.raw","left":true,"isLeft":true}],"operator":{"id":"dbb2b46b-ee2f-4d69-9f1a-d92eed53786a","name":"is-present"}}],"operands":[],"operator":null}],"operands":[],"operator":null}],"operands":[],"operator":null}}],"bot_id":"7913b8b6-adfa-490f-9b4f-472ee0f8e41a","version_id":"24026a17-f5d9-4c96-b589-1675c0274274"}]}