{"bot_versions":[{"id":"fac04ab2-2129-4a60-96fa-b20539d42f17","version_id":"24026a17-f5d9-4c96-b589-1675c0274274","bot_id":"7913b8b6-adfa-490f-9b4f-472ee0f8e41a","slug":"v","skills":[{"id":"806c4870-2e45-4795-9962-7cf25de6f3b2","name":"fallback","builder":{"id":"fac04ab2-2129-4a60-96fa-b20539d42f17"},"slug":"fallback","readme":"# README\n\n> You can update this readme to explain what your skill does.","ui":"{\"x\":13,\"y\":22}","in_condition":{},"is_active":true,"skill_titles":[],"type":"fallback"},{"id":"177422f3-4d53-4e87-96a0-c11d76dfb2cb","name":"Disambiguation","builder":{"id":"fac04ab2-2129-4a60-96fa-b20539d42f17"},"slug":"disambiguation","readme":"### Disambiguation Skill\n\nThis skill models the generic behaviour of the disambiguation skill, which is triggered when multiple skills are available for execution and the end user needs to choose the desired skill for execution.","ui":"{\"x\":27,\"y\":22}","in_condition":{},"is_active":true,"skill_titles":[],"type":"disambiguation"},{"id":"179d0edd-2dc9-469d-9994-f38532b719c0","name":"greetings","builder":{"id":"fac04ab2-2129-4a60-96fa-b20539d42f17"},"slug":"greetings","readme":"# Greetings\n\nYour bot will be able to greet like a pro!\n\nGo to the *Actions* tab if you want to update the wording.\n","ui":"{\"x\":14,\"y\":13}","in_condition":{"id":"f301d38b-5b71-410a-8e62-1befbee66614","type":"or","position":0,"children":[{"id":"470a49b4-740e-4395-8e32-7b20ea744c21","type":"or","position":0,"children":[{"id":"df3953ee-b582-49fc-90fe-8258958efca4","type":"data","position":0,"operator":{"id":"is-present","name":"is-present"},"left":[{"id":"a377e317-2453-4544-b2d2-d34235d990cb","condition":{"id":"df3953ee-b582-49fc-90fe-8258958efca4"},"is_left":true,"type":"interpreted","value":"@greetings"}],"right":{"en":[{"id":"2c0141d0-1f0c-466f-818c-2be3dfbcd1ff","condition":{"id":"df3953ee-b582-49fc-90fe-8258958efca4"},"is_left":false,"type":"string","value":"","language":"en"}]}}]},{"id":"1e01a73e-8d20-4e8c-b61d-0e4e2cc8a759","type":"and","position":1,"children":[{"id":"55f86354-830a-41ff-8050-403e3ff3f29a","type":"data","position":0,"operator":{"id":"is-present","name":"is-present"},"left":[{"id":"c2a20cb0-d25c-4679-abd6-8ccf0daacfcd","condition":{"id":"55f86354-830a-41ff-8050-403e3ff3f29a"},"is_left":true,"type":"interpreted","value":"@goodbye"}],"right":{"en":[{"id":"ba6cf678-ef4f-4353-9fbf-0ec0bfd1f7c2","condition":{"id":"55f86354-830a-41ff-8050-403e3ff3f29a"},"is_left":false,"type":"string","value":"","language":"en"}]}}]}]},"is_active":true,"skill_titles":[],"type":"floating"},{"id":"a3433248-1d0f-4e21-b1fd-9cf639a58d28","name":"countrydetails","builder":{"id":"fac04ab2-2129-4a60-96fa-b20539d42f17"},"slug":"countrydetails","readme":"# README\n\n> You can update this readme to explain what your skill does.","ui":"{\"x\":25,\"y\":3}","in_condition":{"id":"574f3db4-2dfc-472e-9b03-38edd621d0a0","type":"and","position":0,"children":[{"id":"2fa4f412-2f01-4d5b-a420-019e40e979d2","type":"or","position":0,"children":[{"id":"df616e32-d563-4503-81ee-5e3a98ae4825","type":"data","position":0,"operator":{"id":"is-present","name":"is-present"},"left":[{"id":"cb7ef5f6-6505-474a-a101-82e9816107d0","condition":{"id":"df616e32-d563-4503-81ee-5e3a98ae4825"},"is_left":true,"type":"interpreted","value":"@country"}],"right":{}}]}]},"is_active":true,"skill_titles":[],"type":"business"},{"id":"c52d8c43-3500-4d12-b071-67a183ca310c","name":"productiinfo","builder":{"id":"fac04ab2-2129-4a60-96fa-b20539d42f17"},"slug":"productiinfo","readme":"# README\n\n> You can update this readme to explain what your skill does.","ui":"{\"x\":31,\"y\":10}","in_condition":{"id":"054fb763-2ff2-4596-a9ad-ac9857ce1fbd","type":"and","position":0,"children":[{"id":"2ecbbc63-be84-42fb-84d4-b1fb42ed0efc","type":"or","position":0,"children":[{"id":"d84812fa-8bf6-4ab5-a948-3689c94dbea1","type":"data","position":0,"operator":{"id":"is-present","name":"is-present"},"left":[{"id":"28e29991-e0c7-4be2-9536-d5c6e775970a","condition":{"id":"d84812fa-8bf6-4ab5-a948-3689c94dbea1"},"is_left":true,"type":"interpreted","value":"@products"}],"right":{}}]}]},"is_active":true,"skill_titles":[],"type":"business"},{"id":"d30bd820-d6af-41ba-a14e-f801e0edd729","name":"customer_name","builder":{"id":"fac04ab2-2129-4a60-96fa-b20539d42f17"},"slug":"customer_name","readme":"# README\n\n> You can update this readme to explain what your skill does.","ui":"{\"x\":41,\"y\":3}","in_condition":{"id":"867413c1-68ac-4721-a724-973b0640609b","type":"and","position":0,"children":[{"id":"7f28f1db-7fc2-4ef3-be4e-b8ab0280c6b7","type":"or","position":0,"children":[{"id":"3df2dec1-22ae-473b-a6f2-8d0443caf266","type":"data","position":0,"operator":{"id":"is-present","name":"is-present"},"left":[{"id":"50fa7939-bcfe-43f4-bfbe-84d4269c5152","condition":{"id":"3df2dec1-22ae-473b-a6f2-8d0443caf266"},"is_left":true,"type":"interpreted","value":"@customers"}],"right":{}}]}]},"is_active":true,"skill_titles":[],"type":"business"},{"id":"917a1bba-bed0-4a7c-b059-f738aeacda2c","name":"SalesOrderStatus","builder":{"id":"fac04ab2-2129-4a60-96fa-b20539d42f17"},"slug":"salesorderstatus","readme":"# README\n\n> You can update this readme to explain what your skill does.","ui":"{\"x\":56,\"y\":3}","in_condition":{"id":"a9e43858-d6e4-4135-b42c-0e1473277a2b","type":"and","position":0,"children":[{"id":"75e63604-cbd9-4ab1-9190-e939dc8adc51","type":"or","position":0,"children":[{"id":"d464091e-4159-48f2-b813-239186fac965","type":"data","position":0,"operator":{"id":"is-present","name":"is-present"},"left":[{"id":"21873278-2320-4ef5-b57f-094e4f882f46","condition":{"id":"d464091e-4159-48f2-b813-239186fac965"},"is_left":true,"type":"interpreted","value":"@salesorderstatus"}],"right":{}}]}]},"is_active":true,"skill_titles":[],"type":"business"},{"id":"c482829d-d939-4159-be77-36f7bb03ad89","name":"solineitems","builder":{"id":"fac04ab2-2129-4a60-96fa-b20539d42f17"},"slug":"solineitems","readme":"# README\n\n> You can update this readme to explain what your skill does.","ui":"{\"x\":45,\"y\":10}","in_condition":{"id":"79a77b45-f81c-45af-b85c-ee674f13e901","type":"and","position":0,"children":[{"id":"7c31cd8a-127e-4459-8e34-52ab85ac99db","type":"or","position":0,"children":[{"id":"80769e9c-857e-4287-a99b-6640bb8f1c83","type":"data","position":0,"operator":{"id":"is-present","name":"is-present"},"left":[{"id":"7c7a78d2-e1d5-4148-8fd9-95e0a49a800c","condition":{"id":"80769e9c-857e-4287-a99b-6640bb8f1c83"},"is_left":true,"type":"interpreted","value":"@solines"}],"right":{}}]}]},"is_active":true,"skill_titles":[],"type":"business"},{"id":"1beb524a-aa34-45af-ba3b-47da79bac135","name":"Category","builder":{"id":"fac04ab2-2129-4a60-96fa-b20539d42f17"},"slug":"category","readme":"# README\n\n> You can update this readme to explain what your skill does.","ui":"{\"x\":10,\"y\":4}","in_condition":{"id":"0bcf5d13-b5bb-4bd2-8c42-12161deab455","type":"and","position":0,"children":[{"id":"5ebe3a4d-f178-4f79-96c0-c502a26075fd","type":"or","position":0,"children":[{"id":"1af88dbc-3765-4fe9-86ac-acdc24a6ce27","type":"data","position":0,"operator":{"id":"is-present","name":"is-present"},"left":[{"id":"8bb74575-91aa-46bc-8966-3ff3f557bc63","condition":{"id":"1af88dbc-3765-4fe9-86ac-acdc24a6ce27"},"is_left":true,"type":"interpreted","value":"@category"}],"right":{}}]}]},"is_active":true,"skill_titles":[],"type":"business"}],"skill_groups":[{"id":"0142e9de-cbdb-4834-ba37-3180be78bb22","name":"FreeAPI","slug":"freeapi","builder":{"id":"fac04ab2-2129-4a60-96fa-b20539d42f17"},"skills":[]}]}]}