{"bot_versions":[{"bot_id":"7913b8b6-adfa-490f-9b4f-472ee0f8e41a","version_id":"24026a17-f5d9-4c96-b589-1675c0274274","web_requests":[{"auth":null,"body":{"mode":"custom","id":null,"parameters":"","template_name":null},"api_service_response":"values","header":{"id":null,"mode":"custom","parameters":"{\"Content-Type\":\"application/json\"}","template_name":null},"http_type":"GET","request_type":"service-api","url":"https://services.odata.org/V3/Northwind/Northwind.svc/Customers('{{memory.CUSTID.raw}}')","base_url":null,"collection":{"collection_id":"d30bd820-d6af-41ba-a14e-f801e0edd729","collection_type":"skills"},"reference":{"reference_id":"a577ac0e-74bd-47fb-896c-cc73db6f501f","reference_type":"actions"},"response_mapping":null,"system_alias_id":"custom","include_headers":false,"system_alias_used":false},{"auth":null,"body":{"mode":"custom","id":null,"parameters":"","template_name":null},"api_service_response":"category","header":{"id":null,"mode":"custom","parameters":"{\"Content-Type\":\"application/json\"}","template_name":null},"http_type":"GET","request_type":"service-api","url":"https://services.odata.org/V3/Northwind/Northwind.svc/Categories?$format=json","base_url":null,"collection":{"collection_id":"1beb524a-aa34-45af-ba3b-47da79bac135","collection_type":"skills"},"reference":{"reference_id":"1a61e2da-9dcf-46c7-bdbd-51c0ca9dd135","reference_type":"actions"},"response_mapping":null,"system_alias_id":"custom","include_headers":false,"system_alias_used":false},{"auth":null,"body":{"mode":"custom","id":null,"parameters":"","template_name":null},"api_service_response":"products","header":{"id":null,"mode":"custom","parameters":"{\"Content-Type\":\"application/json\"}","template_name":null},"http_type":"GET","request_type":"service-api","url":"https://services.odata.org/V4/Northwind/Northwind.svc/Products_by_Categories?$filter=CategoryName%20eq%20%27{{memory.CATS.raw}}%27","base_url":null,"collection":{"collection_id":"c52d8c43-3500-4d12-b071-67a183ca310c","collection_type":"skills"},"reference":{"reference_id":"e7adcea6-1054-4d1c-8122-b551cf818622","reference_type":"actions"},"response_mapping":null,"system_alias_id":"custom","include_headers":false,"system_alias_used":false},{"auth":null,"body":{"mode":"custom","id":null,"parameters":"","template_name":null},"api_service_response":"countrydetails","header":{"id":null,"mode":"custom","parameters":"{\"Content-Type\":\"application/json\"}","template_name":null},"http_type":"GET","request_type":"service-api","url":"https://restcountries.com/v3/alpha/{{memory.CONCODE.raw}}","base_url":null,"collection":{"collection_id":"a3433248-1d0f-4e21-b1fd-9cf639a58d28","collection_type":"skills"},"reference":{"reference_id":"c4a8c1c5-85eb-48d1-a343-b72afcc8be89","reference_type":"actions"},"response_mapping":null,"system_alias_id":"custom","include_headers":false,"system_alias_used":false},{"auth":null,"body":{"mode":"custom","id":null,"parameters":"","template_name":null},"api_service_response":"sovalue","header":{"id":null,"mode":"custom","parameters":"{\"Content-Type\":\"application/json\"}","template_name":null},"http_type":"GET","request_type":"service-api","url":"https://sapes5.sapdevcenter.com/sap/opu/odata/iwbep/GWSAMPLE_BASIC/SalesOrderSet('{{memory.SONUM.raw}}')","base_url":null,"collection":{"collection_id":"917a1bba-bed0-4a7c-b059-f738aeacda2c","collection_type":"skills"},"reference":{"reference_id":"ab112070-3d5b-45d4-b3f9-086e3e330662","reference_type":"actions"},"response_mapping":null,"system_alias_id":"custom","include_headers":true,"system_alias_used":false},{"auth":null,"body":{"mode":"custom","id":null,"parameters":"","template_name":null},"api_service_response":"soitems","header":{"id":null,"mode":"custom","parameters":"{\"Content-Type\":\"application/json\"}","template_name":null},"http_type":"GET","request_type":"service-api","url":"https://sapes5.sapdevcenter.com/sap/opu/odata/iwbep/GWSAMPLE_BASIC/SalesOrderSet('{{memory.SONUM.raw}}')/ToLineItems","base_url":null,"collection":{"collection_id":"c482829d-d939-4159-be77-36f7bb03ad89","collection_type":"skills"},"reference":{"reference_id":"18b2043f-f76a-44eb-8e76-d03aba1ac2a7","reference_type":"actions"},"response_mapping":null,"system_alias_id":"custom","include_headers":true,"system_alias_used":false}],"templates":{"header":[],"body":[]},"system_aliases":[],"enable_system_aliases":true}]}