[{"id":"7913b8b6-adfa-490f-9b4f-472ee0f8e41a","public":false,"description":"North Winds","slug":"northwind","parent_bot_id":null,"name":"northwind","rating":0,"children_count":0,"is_privatisable":true,"categories_count":0,"private_data":false,"is_versioning_enabled":true,"bot_type":"single","data_policy":{"id":"c7c8b2c9-0c3b-4cde-9d79-eb04b7ff21cb","data_type":"personal","end_user_type":"vulnerable"},"store_conversation_data":true,"version":{"id":"24026a17-f5d9-4c96-b589-1675c0274274","name":"v1","slug":"v1","bot_id":"7913b8b6-adfa-490f-9b4f-472ee0f8e41a","parent_version_id":null,"is_forking":false},"bot_topics":[]}]